epoch,time,train/box_loss,train/cls_loss,train/dfl_loss,metrics/precision(B),metrics/recall(B),metrics/mAP50(B),metrics/mAP50-95(B),val/box_loss,val/cls_loss,val/dfl_loss,lr/pg0,lr/pg1,lr/pg2
1,9.82342,2.18365,3.4967,2.34643,0.58936,0.15626,0.27777,0.08379,2.15743,3.021,2.25663,0.00026,0.00026,0.00026
2,20.6477,1.95479,2.96161,2.14946,0.00907,0.26087,0.00786,0.00217,2.78185,inf,5.14503,0.000538664,0.000538664,0.000538664
3,31.7093,2.10753,2.57514,2.2493,0.00431,0.58696,0.00395,0.00196,nan,nan,nan,0.000815941,0.000815941,0.000815941
4,42.4909,2.09803,2.44748,2.27571,0.00431,0.58696,0.00395,0.00196,nan,nan,nan,0.00109183,0.00109183,0.00109183
5,53.2508,2.04586,2.51216,2.25986,0.00431,0.58696,0.00395,0.00196,nan,nan,nan,0.00136634,0.00136634,0.00136634
6,64.0065,2.20994,2.58244,2.51083,0.00431,0.58696,0.00395,0.00196,nan,nan,nan,0.00163946,0.00163946,0.00163946
7,74.6218,2.15137,2.43995,2.36416,0.00431,0.58696,0.00395,0.00196,nan,nan,nan,0.00191119,0.00191119,0.00191119
8,85.3256,2.13879,2.51535,2.33692,0.00179,0.02174,0.00098,0.0001,nan,nan,nan,0.00196535,0.00196535,0.00196535
9,95.9823,2.02574,2.39537,2.29457,0.00179,0.02174,0.00098,0.0001,nan,nan,nan,0.0019604,0.0019604,0.0019604
10,106.795,2.03118,2.3969,2.2698,0.00354,0.76087,0.00489,0.00238,3.25859,inf,265.731,0.00195545,0.00195545,0.00195545
11,117.466,2.09819,2.43582,2.30019,0.00521,0.02174,0.00088,0.00013,nan,nan,nan,0.0019505,0.0019505,0.0019505
12,128.256,2.02584,2.44492,2.28383,0.03378,0.1087,0.02262,0.00881,nan,nan,nan,0.00194555,0.00194555,0.00194555
13,139.033,1.92917,2.28258,2.17717,0.03378,0.1087,0.02262,0.00881,nan,nan,nan,0.0019406,0.0019406,0.0019406
14,149.858,2.00314,2.2798,2.21443,0.39277,0.02174,0.02957,0.01401,nan,nan,nan,0.00193565,0.00193565,0.00193565
15,160.498,1.96374,2.33134,2.16989,0.05042,0.04348,0.00626,0.00202,nan,nan,nan,0.0019307,0.0019307,0.0019307
16,171.22,1.96389,2.27633,2.19494,0.00188,0.06522,0.00123,0.00083,nan,nan,nan,0.00192575,0.00192575,0.00192575
17,181.874,1.96624,2.26076,2.17316,0.09108,0.02174,0.00469,0.00356,nan,nan,nan,0.0019208,0.0019208,0.0019208
18,192.667,1.89731,2.19014,2.15,0.0525,0.04348,0.00526,0.00203,3.15633,11.3778,4.03753,0.00191585,0.00191585,0.00191585
19,203.417,1.9737,2.21398,2.18572,0.08933,0.32609,0.03866,0.01967,2.45383,13.9162,4.04057,0.0019109,0.0019109,0.0019109
20,214.215,1.88045,2.17746,2.10358,0.56784,0.37138,0.36714,0.21171,1.93559,5.13822,2.20584,0.00190595,0.00190595,0.00190595
21,226.035,1.8516,2.08199,2.1079,0.59977,0.34783,0.37094,0.19242,1.63884,3.54604,1.9211,0.001901,0.001901,0.001901
22,236.771,1.81639,2.06071,2.06877,0.53598,0.47826,0.47762,0.22773,1.83259,3.24469,2.06808,0.00189605,0.00189605,0.00189605
23,248.53,1.78083,1.99775,2.02661,0.25519,0.23913,0.18036,0.11659,2.09827,2.17336,2.17479,0.0018911,0.0018911,0.0018911
24,259.246,1.83105,2.04165,2.08478,0.42641,0.08696,0.07795,0.05751,nan,nan,nan,0.00188615,0.00188615,0.00188615
25,269.974,1.78028,2.02006,2.03331,0.31223,0.32609,0.17998,0.10341,1.98107,3.52505,2.16552,0.0018812,0.0018812,0.0018812
26,280.794,1.85076,2.11091,2.10867,0.30771,0.54348,0.31313,0.20355,1.53117,6.48972,1.72838,0.00187625,0.00187625,0.00187625
27,291.61,1.80069,2.02341,2.0798,0.83807,0.65217,0.71149,0.4506,1.47754,3.24992,1.64141,0.0018713,0.0018713,0.0018713
28,303.479,1.77825,1.91918,2.02087,0.5616,0.34783,0.41328,0.2566,1.85202,2.70149,1.99784,0.00186635,0.00186635,0.00186635
29,314.235,1.85487,1.94256,2.09967,0.44708,0.3913,0.35799,0.13308,2.30967,2.50736,2.42232,0.0018614,0.0018614,0.0018614
30,325.035,1.7111,1.78239,1.98698,0.40415,0.61936,0.49692,0.29241,1.70657,2.40555,1.82656,0.00185645,0.00185645,0.00185645
31,335.723,1.77014,1.89838,2.03815,0.63982,0.65217,0.69614,0.34261,1.76087,2.47403,1.94018,0.0018515,0.0018515,0.0018515
32,346.632,1.76982,1.78322,1.9863,0.5828,0.65217,0.66141,0.4153,1.37038,2.00513,1.52649,0.00184655,0.00184655,0.00184655
33,357.409,1.75899,1.83082,2.01964,0.51404,0.58696,0.43233,0.20218,1.72523,2.13872,1.79375,0.0018416,0.0018416,0.0018416
34,368.24,1.7416,1.89471,1.96153,0.61838,0.63043,0.63162,0.35223,1.727,1.9372,1.86792,0.00183665,0.00183665,0.00183665
35,379.234,1.739,1.82566,1.97546,0.78416,0.73913,0.81368,0.52379,1.45351,1.64212,1.54756,0.0018317,0.0018317,0.0018317
36,391.141,1.71092,1.70638,1.94753,0.92062,0.63043,0.78432,0.48883,1.44521,1.67092,1.5777,0.00182675,0.00182675,0.00182675
37,401.916,1.75349,1.82338,1.98043,0.52449,0.58696,0.53592,0.32292,1.6438,2.3923,1.71417,0.0018218,0.0018218,0.0018218
38,412.796,1.70717,1.75385,1.99242,0.74291,0.6087,0.74164,0.36682,2.01897,2.71284,2.09589,0.00181685,0.00181685,0.00181685
39,423.512,1.65443,1.66067,1.93576,0.53426,0.52373,0.48131,0.28185,1.37507,2.20874,1.52481,0.0018119,0.0018119,0.0018119
40,434.349,1.67882,1.74921,1.97261,0.38671,0.30435,0.29031,0.15682,1.97311,3.5365,2.00767,0.00180695,0.00180695,0.00180695
41,445.031,1.7591,1.80209,2.00924,0.43699,0.28261,0.35045,0.20724,1.65664,6.23422,1.78277,0.001802,0.001802,0.001802
42,455.908,1.67409,1.76693,1.98209,0.71449,0.63043,0.61206,0.31861,1.7658,4.57005,1.78708,0.00179705,0.00179705,0.00179705
43,466.784,1.65037,1.70425,1.89418,0.4749,0.57023,0.50916,0.26182,1.68092,4.56171,1.74573,0.0017921,0.0017921,0.0017921
44,477.609,1.67975,1.69204,1.89876,0.61249,0.63043,0.6503,0.35654,1.5951,2.05894,1.70053,0.00178715,0.00178715,0.00178715
45,488.259,1.72118,1.764,1.97757,0.85035,0.69565,0.82567,0.48784,1.60961,1.26682,1.69925,0.0017822,0.0017822,0.0017822
46,499.143,1.66412,1.75498,1.93123,0.5814,0.57379,0.60634,0.34027,1.65773,2.83781,1.79531,0.00177725,0.00177725,0.00177725
47,509.848,1.64325,1.73037,1.87077,0.67147,0.78261,0.7912,0.4687,1.544,1.38646,1.71937,0.0017723,0.0017723,0.0017723
48,520.607,1.6915,1.76542,1.94435,0.69418,0.43478,0.58015,0.37994,1.61681,1.59487,1.7183,0.00176735,0.00176735,0.00176735
49,531.319,1.68327,1.68383,1.92973,0.84159,0.6087,0.71547,0.45025,1.60718,1.40513,1.70801,0.0017624,0.0017624,0.0017624
50,542.131,1.67581,1.65341,1.90298,0.43063,0.47826,0.41481,0.24416,1.9398,2.17098,2.02987,0.00175745,0.00175745,0.00175745
51,552.855,1.61203,1.56617,1.83315,0.8194,0.54348,0.65504,0.44081,1.49648,1.47576,1.57872,0.0017525,0.0017525,0.0017525
52,563.645,1.62382,1.60329,1.89884,0.89585,0.58696,0.77474,0.49249,1.53587,1.46555,1.6429,0.00174755,0.00174755,0.00174755
53,574.388,1.63352,1.56392,1.92241,0.6201,0.6087,0.65705,0.40151,1.66589,1.84062,1.78998,0.0017426,0.0017426,0.0017426
54,585.169,1.60326,1.56467,1.86499,0.75644,0.60766,0.68435,0.33436,1.98355,2.0485,1.98147,0.00173765,0.00173765,0.00173765
55,595.887,1.69191,1.59316,1.92804,0.77443,0.6087,0.6696,0.3352,2.10111,1.68341,2.12844,0.0017327,0.0017327,0.0017327
56,606.658,1.66576,1.64869,1.93987,0.75135,0.65697,0.75672,0.45027,1.50694,1.35078,1.59349,0.00172775,0.00172775,0.00172775
57,617.408,1.56359,1.53629,1.81434,0.76889,0.57873,0.69533,0.42549,1.72786,1.53579,1.76077,0.0017228,0.0017228,0.0017228
58,628.211,1.54212,1.50664,1.84715,0.84237,0.81335,0.90185,0.55646,1.61976,1.05908,1.69296,0.00171785,0.00171785,0.00171785
59,640.016,1.5866,1.53386,1.86099,0.90621,0.84026,0.89585,0.53606,1.67679,1.19719,1.6819,0.0017129,0.0017129,0.0017129
60,650.856,1.63828,1.48069,1.85977,0.81546,0.76861,0.82698,0.53767,1.46258,2.59717,1.51084,0.00170795,0.00170795,0.00170795
61,661.62,1.56203,1.49504,1.82433,0.89716,0.75865,0.8298,0.48773,1.67879,1.63656,1.73592,0.001703,0.001703,0.001703
62,672.385,1.55531,1.46766,1.81343,0.74467,0.32609,0.33553,0.18455,2.23454,2.49391,2.38803,0.00169805,0.00169805,0.00169805
63,683.136,1.60293,1.48111,1.85805,0.5845,0.65217,0.63158,0.37064,1.62952,2.07746,1.82069,0.0016931,0.0016931,0.0016931
64,693.836,1.57762,1.51655,1.85914,0.29757,0.30435,0.22515,0.10299,2.29563,2.48476,2.49071,0.00168815,0.00168815,0.00168815
65,704.542,1.54093,1.48808,1.8339,0.90721,0.73913,0.89456,0.53261,1.54649,1.06986,1.64102,0.0016832,0.0016832,0.0016832
66,715.325,1.46887,1.40651,1.75558,0.74826,0.76087,0.82561,0.48826,1.59424,1.15556,1.68799,0.00167825,0.00167825,0.00167825
67,726.069,1.53405,1.48108,1.84115,0.78843,0.69565,0.75179,0.3647,1.88144,1.40225,1.9882,0.0016733,0.0016733,0.0016733
68,736.881,1.55184,1.43732,1.81865,0.89322,0.72757,0.89278,0.58206,1.3972,1.13681,1.46655,0.00166835,0.00166835,0.00166835
69,748.65,1.48377,1.42401,1.78202,0.78107,0.93076,0.91786,0.44266,1.83936,1.33899,1.83199,0.0016634,0.0016634,0.0016634
70,759.518,1.50289,1.37791,1.78876,0.98469,0.80435,0.94205,0.64674,1.31211,1.06998,1.43784,0.00165845,0.00165845,0.00165845
71,771.306,1.58606,1.42506,1.83775,0.85211,0.75167,0.80765,0.57423,1.30864,1.25829,1.46711,0.0016535,0.0016535,0.0016535
72,782.064,1.60336,1.50027,1.84824,0.85031,0.74098,0.84866,0.61264,1.26985,1.12539,1.41885,0.00164855,0.00164855,0.00164855
73,792.878,1.47923,1.40643,1.80874,0.80961,0.82609,0.876,0.58501,1.21245,1.40364,1.40387,0.0016436,0.0016436,0.0016436
74,803.614,1.55749,1.48151,1.84853,0.77576,0.71739,0.83771,0.47703,1.6793,1.66389,1.76929,0.00163865,0.00163865,0.00163865
75,814.479,1.56305,1.45494,1.82725,0.87103,0.73419,0.84772,0.49634,1.59984,1.34659,1.67972,0.0016337,0.0016337,0.0016337
76,825.496,1.42578,1.26748,1.71042,0.94805,0.80435,0.9193,0.6261,1.32989,1.6104,1.42849,0.00162875,0.00162875,0.00162875
77,836.317,1.43672,1.28526,1.74298,0.92412,0.79437,0.92357,0.59511,1.47383,1.16201,1.56674,0.0016238,0.0016238,0.0016238
78,847.096,1.50157,1.38359,1.74076,0.77977,0.73913,0.79801,0.48188,1.76324,1.40576,1.76643,0.00161885,0.00161885,0.00161885
79,857.862,1.46246,1.28472,1.75778,0.92142,0.82609,0.92948,0.50461,1.85385,1.06288,1.82075,0.0016139,0.0016139,0.0016139
80,868.765,1.44068,1.31975,1.73517,0.93754,0.80435,0.93189,0.64758,1.41877,0.92063,1.5369,0.00160895,0.00160895,0.00160895
81,879.643,1.51148,1.3371,1.7746,0.82679,0.84783,0.92364,0.59773,1.56509,1.07467,1.68761,0.001604,0.001604,0.001604
82,890.417,1.44161,1.2875,1.72562,0.84268,0.81524,0.87415,0.56708,1.43201,1.03872,1.53406,0.00159905,0.00159905,0.00159905
83,901.312,1.51103,1.27712,1.74826,0.87282,0.76087,0.88104,0.54696,1.61161,0.99342,1.63667,0.0015941,0.0015941,0.0015941
84,912.076,1.43583,1.35554,1.74346,0.88718,0.65217,0.80167,0.45722,1.76067,1.32362,1.74815,0.00158915,0.00158915,0.00158915
85,922.759,1.46476,1.36413,1.72975,0.8609,0.78261,0.89998,0.55402,1.53396,1.12873,1.57876,0.0015842,0.0015842,0.0015842
86,933.515,1.42068,1.2553,1.72592,0.90825,0.86091,0.93336,0.57725,1.57668,0.89215,1.62769,0.00157925,0.00157925,0.00157925
87,944.226,1.49476,1.35338,1.7694,0.97551,0.86588,0.96026,0.57622,1.5372,0.92253,1.66374,0.0015743,0.0015743,0.0015743
88,955.005,1.43792,1.2555,1.72293,0.78852,0.91304,0.90102,0.59479,1.36634,1.12135,1.48873,0.00156935,0.00156935,0.00156935
89,965.743,1.48081,1.26632,1.77861,0.85266,0.8913,0.93055,0.52236,1.80179,1.05629,1.76205,0.0015644,0.0015644,0.0015644
90,976.574,1.40574,1.2445,1.7008,0.90018,0.78421,0.90356,0.65986,1.1765,0.95732,1.35262,0.00155945,0.00155945,0.00155945
91,988.445,1.41037,1.23215,1.72702,0.70809,0.79109,0.79168,0.46905,1.60464,1.53664,1.72066,0.0015545,0.0015545,0.0015545
92,999.227,1.50663,1.32456,1.81117,0.86236,0.78261,0.86463,0.57171,1.52635,1.18551,1.66827,0.00154955,0.00154955,0.00154955
93,1009.99,1.49676,1.30658,1.81077,0.84351,0.70321,0.78672,0.54347,1.41336,1.39405,1.50873,0.0015446,0.0015446,0.0015446
94,1020.88,1.48434,1.43262,1.78133,0.93715,0.82609,0.94263,0.66212,1.27898,0.97281,1.36377,0.00153965,0.00153965,0.00153965
95,1032.76,1.42266,1.25288,1.69915,0.86727,0.85237,0.93341,0.61987,1.35212,1.17551,1.46332,0.0015347,0.0015347,0.0015347
96,1043.64,1.4564,1.27581,1.75473,0.91225,0.76087,0.89315,0.56119,1.48702,1.22336,1.61656,0.00152975,0.00152975,0.00152975
97,1054.56,1.33286,1.16449,1.64364,1,0.84193,0.94191,0.66156,1.29206,0.91843,1.3901,0.0015248,0.0015248,0.0015248
98,1065.36,1.48342,1.30102,1.77016,0.7947,0.8913,0.9049,0.58004,1.36423,1.0326,1.4536,0.00151985,0.00151985,0.00151985
99,1076.13,1.35913,1.19805,1.63949,0.7429,0.73913,0.82801,0.55674,1.28085,1.13991,1.49885,0.0015149,0.0015149,0.0015149
100,1086.94,1.41691,1.26566,1.71204,0.91295,0.91304,0.94101,0.61394,1.43447,0.83834,1.54914,0.00150995,0.00150995,0.00150995
101,1097.66,1.4805,1.33399,1.71548,0.8639,0.8913,0.92321,0.6518,1.31998,1.00117,1.47395,0.001505,0.001505,0.001505
102,1108.42,1.43182,1.2691,1.71884,0.90844,0.86957,0.92712,0.59708,1.54411,0.89941,1.58829,0.00150005,0.00150005,0.00150005
103,1119.16,1.43113,1.2652,1.69221,0.91006,0.8913,0.93384,0.59705,1.54481,0.83007,1.62299,0.0014951,0.0014951,0.0014951
104,1130,1.3992,1.22779,1.71577,0.90876,0.91304,0.94693,0.56009,1.68217,0.84462,1.75505,0.00149015,0.00149015,0.00149015
105,1140.77,1.38646,1.17142,1.67559,0.93963,0.91304,0.9635,0.63488,1.41961,0.7719,1.52866,0.0014852,0.0014852,0.0014852
106,1151.59,1.37063,1.10963,1.66687,0.91562,0.70781,0.81238,0.53044,1.5346,1.29586,1.67189,0.00148025,0.00148025,0.00148025
107,1162.5,1.42702,1.18638,1.6954,0.88137,0.73913,0.84231,0.52791,1.62693,1.36909,1.72432,0.0014753,0.0014753,0.0014753
108,1173.52,1.4234,1.26612,1.70671,0.94995,0.8913,0.95104,0.66371,1.19836,0.92879,1.36259,0.00147035,0.00147035,0.00147035
109,1185.36,1.39778,1.19128,1.69171,0.95782,0.78261,0.90476,0.64867,1.1747,0.89122,1.31507,0.0014654,0.0014654,0.0014654
110,1196.17,1.39266,1.20919,1.64854,0.85525,0.89925,0.95952,0.73404,1.04605,0.80855,1.2084,0.00146045,0.00146045,0.00146045
111,1207.92,1.37966,1.21032,1.6874,0.92954,0.91304,0.96868,0.69567,1.1916,0.80419,1.28837,0.0014555,0.0014555,0.0014555
112,1218.76,1.43203,1.25169,1.68759,0.98657,0.84783,0.96024,0.63449,1.29035,1.03838,1.41093,0.00145055,0.00145055,0.00145055
113,1229.49,1.35927,1.16757,1.65949,0.97543,0.86333,0.96512,0.69289,1.13384,0.77241,1.2631,0.0014456,0.0014456,0.0014456
114,1240.28,1.32864,1.13853,1.63143,0.98895,0.86957,0.95216,0.70465,1.12816,0.87191,1.24362,0.00144065,0.00144065,0.00144065
115,1250.98,1.35574,1.12304,1.62236,0.92976,0.86957,0.93071,0.65303,1.24264,0.89801,1.34026,0.0014357,0.0014357,0.0014357
116,1261.81,1.3426,1.12103,1.61556,0.90157,0.84783,0.94659,0.63621,1.30214,0.77388,1.39011,0.00143075,0.00143075,0.00143075
117,1272.53,1.31755,1.0483,1.63354,0.90884,0.86957,0.93714,0.53399,1.60299,0.85505,1.62464,0.0014258,0.0014258,0.0014258
118,1283.32,1.37647,1.16941,1.64037,0.8091,0.92145,0.92188,0.60452,1.32272,1.05011,1.41817,0.00142085,0.00142085,0.00142085
119,1294.04,1.33546,1.09305,1.60085,0.88946,0.87468,0.95187,0.61128,1.4079,0.84375,1.47663,0.0014159,0.0014159,0.0014159
120,1304.82,1.34579,1.08941,1.63757,0.97554,0.867,0.96647,0.65176,1.41699,0.77891,1.45168,0.00141095,0.00141095,0.00141095
121,1315.52,1.26441,1.10345,1.56032,0.97541,0.8624,0.96568,0.67956,1.34398,0.74859,1.39868,0.001406,0.001406,0.001406
122,1326.27,1.26362,1.04552,1.58834,0.97359,0.8014,0.95194,0.69698,1.18847,0.75929,1.31953,0.00140105,0.00140105,0.00140105
123,1337.04,1.28629,1.09744,1.55411,0.92833,0.84783,0.9452,0.70147,1.10716,0.73656,1.26312,0.0013961,0.0013961,0.0013961
124,1347.81,1.28972,1.09403,1.59496,1,0.86643,0.96702,0.72211,1.07252,0.63051,1.22135,0.00139115,0.00139115,0.00139115
125,1358.51,1.31025,1.12665,1.62042,0.93422,0.92638,0.97097,0.64522,1.26546,0.70238,1.35681,0.0013862,0.0013862,0.0013862
126,1369.29,1.32459,1.14761,1.65353,0.94424,0.86957,0.91311,0.64967,1.26138,0.77703,1.39037,0.00138125,0.00138125,0.00138125
127,1380.06,1.3552,1.19062,1.69109,0.952,0.86235,0.94511,0.69308,1.24781,0.75636,1.37704,0.0013763,0.0013763,0.0013763
128,1391.02,1.37217,1.16175,1.66527,1,0.88749,0.94721,0.68651,1.267,0.78232,1.39065,0.00137135,0.00137135,0.00137135
129,1401.78,1.3733,1.16712,1.67684,0.98698,0.8913,0.94679,0.67459,1.2887,0.86844,1.43088,0.0013664,0.0013664,0.0013664
130,1412.61,1.32656,1.12817,1.61987,0.95288,0.87927,0.94675,0.67025,1.19088,0.77483,1.33311,0.00136145,0.00136145,0.00136145
131,1423.35,1.27975,1.07462,1.57635,0.97619,0.89134,0.97462,0.69295,1.20045,0.71001,1.30472,0.0013565,0.0013565,0.0013565
132,1434.2,1.30464,1.12365,1.57443,0.97588,0.87986,0.96016,0.66758,1.24436,0.84327,1.37921,0.00135155,0.00135155,0.00135155
133,1444.94,1.33611,1.12421,1.62445,0.98546,0.8913,0.94009,0.67781,1.18299,0.93097,1.37341,0.0013466,0.0013466,0.0013466
134,1455.7,1.28782,1.11188,1.6003,0.98162,0.84783,0.93717,0.69845,1.26072,0.97103,1.40545,0.00134165,0.00134165,0.00134165
135,1466.42,1.27426,1.08475,1.62031,0.97433,0.8252,0.92792,0.68569,1.29279,0.83949,1.45628,0.0013367,0.0013367,0.0013367
136,1477.15,1.2965,1.1297,1.57046,1,0.8835,0.93658,0.72965,0.95047,0.68356,1.2116,0.00133175,0.00133175,0.00133175
137,1487.85,1.28283,1.13213,1.59151,0.97482,0.84188,0.95288,0.67295,1.23059,0.72968,1.38335,0.0013268,0.0013268,0.0013268
138,1498.61,1.2936,1.15751,1.59238,0.97518,0.8913,0.9652,0.7493,0.98039,0.6827,1.15817,0.00132185,0.00132185,0.00132185
139,1510.41,1.28847,1.06884,1.60249,0.95548,0.93312,0.96918,0.69078,1.21123,0.79792,1.28723,0.0013169,0.0013169,0.0013169
140,1521.2,1.27917,1.07703,1.55101,0.91494,0.86957,0.93551,0.67098,1.23531,0.96573,1.31963,0.00131195,0.00131195,0.00131195
141,1531.92,1.28735,1.11496,1.61817,0.96794,0.84783,0.95051,0.72734,1.06998,0.84038,1.20144,0.001307,0.001307,0.001307
142,1542.64,1.2822,1.07093,1.5804,0.93253,0.93478,0.95873,0.6345,1.49472,0.83699,1.56171,0.00130205,0.00130205,0.00130205
143,1553.33,1.25,1.06845,1.55476,0.97538,0.91304,0.96862,0.70733,1.2252,0.69182,1.33315,0.0012971,0.0012971,0.0012971
144,1564.09,1.30066,1.0489,1.61761,0.96155,0.86957,0.96921,0.68423,1.32596,0.78286,1.44672,0.00129215,0.00129215,0.00129215
145,1574.83,1.27421,1.09267,1.63494,0.9048,0.97826,0.98003,0.62046,1.50621,0.74332,1.61844,0.0012872,0.0012872,0.0012872
146,1585.58,1.28568,1.07249,1.57182,0.97708,0.927,0.98329,0.70293,1.14361,0.64399,1.2904,0.00128225,0.00128225,0.00128225
147,1596.36,1.30975,1.09933,1.60233,0.92048,0.8913,0.96736,0.72424,1.07275,0.71177,1.24541,0.0012773,0.0012773,0.0012773
148,1607.14,1.28701,1.04058,1.62678,0.96878,0.8913,0.95829,0.68784,1.19406,0.69497,1.32747,0.00127235,0.00127235,0.00127235
149,1617.84,1.28324,1.04832,1.61304,0.93117,0.88246,0.9502,0.70219,1.1726,0.75172,1.30767,0.0012674,0.0012674,0.0012674
150,1628.67,1.26296,1.05646,1.56087,0.875,0.91304,0.92916,0.68116,1.13548,0.7611,1.30147,0.00126245,0.00126245,0.00126245
151,1639.47,1.31915,1.0639,1.60484,0.92092,0.84783,0.86705,0.61083,1.27909,1.20808,1.44673,0.0012575,0.0012575,0.0012575
152,1650.33,1.31329,1.10721,1.63206,0.95333,0.88815,0.96238,0.73167,1.04433,0.82294,1.20486,0.00125255,0.00125255,0.00125255
153,1661.09,1.3053,1.07966,1.57618,0.92769,0.82609,0.95967,0.70435,1.19076,0.905,1.31112,0.0012476,0.0012476,0.0012476
154,1671.95,1.27881,1.03929,1.61761,0.95088,0.84182,0.93042,0.69462,1.11768,0.93395,1.28813,0.00124265,0.00124265,0.00124265
155,1682.75,1.25117,1.04496,1.581,0.84037,0.80117,0.86146,0.64187,1.15265,0.88973,1.34495,0.0012377,0.0012377,0.0012377
156,1693.6,1.22305,0.97972,1.50296,0.84478,0.82825,0.91896,0.72259,1.00142,0.78994,1.19018,0.00123275,0.00123275,0.00123275
157,1704.42,1.23988,1.02283,1.52932,0.95247,0.91304,0.96608,0.75721,1.01488,0.7043,1.19376,0.0012278,0.0012278,0.0012278
158,1716.27,1.30523,1.04771,1.59657,0.9363,0.95859,0.98354,0.70271,1.24435,0.68664,1.34007,0.00122285,0.00122285,0.00122285
159,1727.06,1.26067,1.04316,1.57234,0.97691,0.84783,0.96738,0.72633,1.05869,0.70692,1.24163,0.0012179,0.0012179,0.0012179
160,1737.85,1.26995,1.00866,1.57467,0.9572,0.91304,0.94747,0.64104,1.32099,0.79371,1.41664,0.00121295,0.00121295,0.00121295
161,1748.59,1.28837,0.95413,1.57285,0.9747,0.83749,0.95419,0.6852,1.14504,0.70109,1.26967,0.001208,0.001208,0.001208
162,1759.43,1.2501,1.00198,1.56421,0.99012,0.8913,0.96375,0.66514,1.30058,0.6933,1.38506,0.00120305,0.00120305,0.00120305
163,1770.2,1.25854,0.97839,1.57165,0.97675,0.91334,0.9694,0.66178,1.41404,0.67231,1.51892,0.0011981,0.0011981,0.0011981
164,1781.01,1.29077,1.09327,1.58098,0.93219,0.89665,0.97944,0.71126,1.23298,0.69767,1.32503,0.00119315,0.00119315,0.00119315
165,1791.73,1.28209,1.04175,1.58723,0.91676,0.95772,0.98181,0.70276,1.26544,0.76591,1.30169,0.0011882,0.0011882,0.0011882
166,1802.48,1.26491,1.00908,1.52179,0.82559,0.82609,0.90048,0.67124,1.09235,0.82322,1.25807,0.00118325,0.00118325,0.00118325
167,1813.15,1.26268,1.00834,1.58684,0.88346,0.78261,0.8757,0.64817,1.14423,0.82888,1.28637,0.0011783,0.0011783,0.0011783
168,1823.89,1.20816,1.02337,1.53177,0.98498,0.84783,0.96446,0.75203,1.10451,0.67234,1.22349,0.00117335,0.00117335,0.00117335
169,1834.67,1.25515,1.01633,1.57223,0.92812,0.93478,0.96317,0.75663,0.9289,0.63492,1.1336,0.0011684,0.0011684,0.0011684
170,1845.43,1.19605,0.93213,1.54256,0.94354,0.76087,0.86694,0.61463,1.14812,0.91305,1.29332,0.00116345,0.00116345,0.00116345
171,1856.16,1.35981,1.12485,1.66763,0.97416,0.81964,0.8886,0.63172,1.16894,0.88645,1.30241,0.0011585,0.0011585,0.0011585
172,1866.95,1.28366,1.04048,1.55849,0.93269,0.93478,0.97171,0.7673,0.97849,0.64032,1.17457,0.00115355,0.00115355,0.00115355
173,1878.79,1.24273,0.97522,1.54198,0.9565,0.95652,0.98746,0.73777,1.08244,0.63578,1.22171,0.0011486,0.0011486,0.0011486
174,1889.56,1.23825,0.98867,1.53875,0.95587,0.94175,0.98625,0.72904,1.10215,0.69411,1.22199,0.00114365,0.00114365,0.00114365
175,1900.29,1.18106,0.95659,1.51524,1,0.88089,0.9553,0.70056,1.20011,0.75063,1.29964,0.0011387,0.0011387,0.0011387
176,1911.06,1.17649,0.91017,1.4772,0.95374,0.89656,0.9736,0.70738,1.14942,0.71088,1.2743,0.00113375,0.00113375,0.00113375
177,1921.78,1.21711,0.94368,1.55563,0.96448,0.93478,0.98158,0.64858,1.42933,0.79834,1.50216,0.0011288,0.0011288,0.0011288
178,1932.52,1.22739,0.94263,1.49383,0.9663,0.91304,0.9833,0.75005,1.08178,0.66056,1.20376,0.00112385,0.00112385,0.00112385
179,1943.24,1.22535,0.96511,1.53083,0.97684,0.91688,0.98616,0.76769,1.07202,0.60782,1.1829,0.0011189,0.0011189,0.0011189
180,1955.11,1.19389,0.9338,1.52436,0.9133,0.95652,0.98108,0.75811,0.97777,0.59122,1.13164,0.00111395,0.00111395,0.00111395
181,1965.81,1.21054,0.95347,1.51216,0.86918,0.86666,0.9463,0.72839,0.86355,0.64458,1.09847,0.001109,0.001109,0.001109
182,1976.58,1.18214,0.92472,1.48631,0.91469,0.95652,0.97279,0.7318,1.04031,0.64891,1.22254,0.00110405,0.00110405,0.00110405
183,1987.26,1.19566,0.92956,1.5181,0.85842,0.79099,0.87827,0.68073,0.9307,0.77786,1.19582,0.0010991,0.0010991,0.0010991
184,1998.05,1.18183,0.9035,1.5103,0.90678,0.91304,0.96508,0.80059,0.76231,0.55268,1.0355,0.00109415,0.00109415,0.00109415
185,2009.82,1.19164,0.92896,1.51337,0.93111,0.95652,0.98517,0.80397,0.86374,0.5583,1.07214,0.0010892,0.0010892,0.0010892
186,2021.72,1.14222,0.87721,1.4918,0.95259,0.91304,0.9656,0.74129,1.14597,0.59784,1.30198,0.00108425,0.00108425,0.00108425
187,2032.39,1.19513,0.97558,1.50474,0.97062,0.93478,0.97673,0.73387,1.14128,0.68785,1.26266,0.0010793,0.0010793,0.0010793
188,2043.17,1.18441,1.01874,1.51967,0.89969,0.97491,0.98393,0.70847,1.21445,0.63036,1.32259,0.00107435,0.00107435,0.00107435
189,2053.93,1.19422,0.92997,1.52117,0.97155,0.97826,0.9885,0.73153,1.09082,0.60293,1.23587,0.0010694,0.0010694,0.0010694
190,2064.67,1.15642,0.93372,1.45809,0.93681,0.96702,0.97717,0.67123,1.24626,0.67669,1.36239,0.00106445,0.00106445,0.00106445
191,2075.37,1.26884,1.027,1.55566,0.97756,0.94734,0.97397,0.71079,1.19495,0.66705,1.29447,0.0010595,0.0010595,0.0010595
192,2086.13,1.13725,0.85681,1.43318,0.91704,0.96128,0.98407,0.7889,0.8949,0.56845,1.09338,0.00105455,0.00105455,0.00105455
193,2096.87,1.15057,0.93006,1.48266,0.9314,0.97826,0.97352,0.7922,0.78709,0.58543,1.05304,0.0010496,0.0010496,0.0010496
194,2107.61,1.16933,0.92057,1.48736,1,0.93246,0.97811,0.76624,0.93767,0.61086,1.12055,0.00104465,0.00104465,0.00104465
195,2118.35,1.182,0.93034,1.49236,0.94376,0.82609,0.94656,0.76369,0.83336,0.65255,1.05517,0.0010397,0.0010397,0.0010397
196,2129.13,1.18766,0.95917,1.50206,0.97674,0.91302,0.96599,0.7885,0.90611,0.63702,1.09361,0.00103475,0.00103475,0.00103475
197,2139.91,1.1807,0.88416,1.51259,0.94925,0.8913,0.96431,0.76934,0.97276,0.61005,1.14226,0.0010298,0.0010298,0.0010298
198,2150.72,1.11573,0.89258,1.43644,0.90246,0.86957,0.9057,0.69043,1.08522,0.8431,1.27634,0.00102485,0.00102485,0.00102485
199,2161.45,1.23092,1.00817,1.56336,0.94895,0.93478,0.96732,0.73874,1.09396,0.63566,1.19017,0.0010199,0.0010199,0.0010199
200,2172.23,1.1378,0.9054,1.45393,0.91745,0.9666,0.98146,0.79232,0.91952,0.58766,1.08047,0.00101495,0.00101495,0.00101495
201,2182.97,1.14101,0.89934,1.45247,0.9049,0.8913,0.95548,0.79346,0.86704,0.71607,1.04565,0.00101,0.00101,0.00101
202,2193.82,1.13808,0.89474,1.47117,0.88737,0.85648,0.9427,0.78287,0.84456,0.66499,1.03218,0.00100505,0.00100505,0.00100505
203,2204.54,1.20369,0.89353,1.55809,0.9323,0.89819,0.96585,0.80447,0.82464,0.5917,1.02081,0.0010001,0.0010001,0.0010001
204,2215.31,1.27126,0.98086,1.54972,0.89061,0.86957,0.94927,0.77902,0.87031,0.70863,1.06871,0.00099515,0.00099515,0.00099515
205,2226.05,1.15594,0.92032,1.4612,0.9494,0.81589,0.94908,0.79372,0.75026,0.62552,0.98404,0.0009902,0.0009902,0.0009902
206,2236.86,1.18084,0.95634,1.46551,0.94363,0.86957,0.94662,0.75866,0.91702,0.66281,1.12966,0.00098525,0.00098525,0.00098525
207,2247.62,1.13211,0.86718,1.46832,0.9709,0.86957,0.94048,0.73026,1.05444,0.72034,1.19314,0.0009803,0.0009803,0.0009803
208,2258.41,1.21777,0.98723,1.52522,0.97229,0.91304,0.97226,0.75939,1.03615,0.62104,1.16148,0.00097535,0.00097535,0.00097535
209,2269.14,1.18152,0.9715,1.511,0.97682,0.93478,0.97377,0.76305,0.95553,0.6091,1.12753,0.0009704,0.0009704,0.0009704
210,2279.67,1.14031,0.87743,1.43678,1,0.93071,0.97149,0.78507,0.86503,0.55366,1.06723,0.00096545,0.00096545,0.00096545
211,2290.46,1.14869,0.9183,1.50309,1,0.90657,0.97328,0.74631,0.97876,0.56374,1.14476,0.0009605,0.0009605,0.0009605
212,2301.34,1.19364,0.91725,1.52407,0.98715,0.91304,0.98083,0.76336,0.91322,0.56987,1.08436,0.00095555,0.00095555,0.00095555
213,2312.11,1.12513,0.86836,1.45819,0.98331,0.91304,0.96141,0.71831,1.08869,0.60035,1.21849,0.0009506,0.0009506,0.0009506
214,2322.91,1.14556,0.90906,1.45468,0.95557,0.93508,0.98206,0.73412,1.07155,0.56715,1.19885,0.00094565,0.00094565,0.00094565
215,2333.67,1.07303,0.83175,1.40189,0.97674,0.91289,0.98268,0.78079,0.94342,0.50722,1.11411,0.0009407,0.0009407,0.0009407
216,2344.43,1.11841,0.86959,1.44711,0.99239,0.91304,0.98155,0.80626,0.79209,0.47599,1.02401,0.00093575,0.00093575,0.00093575
217,2356.23,1.17688,0.89192,1.45356,0.98909,0.8913,0.96397,0.79291,0.7879,0.52023,1.04502,0.0009308,0.0009308,0.0009308
218,2367.05,1.11953,0.84922,1.4432,0.98346,0.86957,0.96945,0.77797,0.856,0.54855,1.05665,0.00092585,0.00092585,0.00092585
219,2377.8,1.11628,0.85539,1.4288,0.97606,0.88643,0.96999,0.77384,0.88913,0.59855,1.07339,0.0009209,0.0009209,0.0009209
220,2388.63,1.10852,0.87484,1.46414,1,0.93214,0.98466,0.75366,1.03737,0.55574,1.16945,0.00091595,0.00091595,0.00091595
221,2399.34,1.18965,0.88174,1.50265,0.99498,0.91304,0.9832,0.75957,1.04235,0.5385,1.15777,0.000911,0.000911,0.000911
222,2410.11,1.14843,0.87504,1.4591,0.99744,0.93478,0.98516,0.80466,0.87508,0.50703,1.07173,0.00090605,0.00090605,0.00090605
223,2420.82,1.15525,0.94178,1.44316,0.93398,0.92276,0.97693,0.77489,0.90322,0.64336,1.10894,0.0009011,0.0009011,0.0009011
224,2431.7,1.13382,0.87317,1.46028,0.97671,0.91159,0.9788,0.81019,0.7757,0.54395,0.99494,0.00089615,0.00089615,0.00089615
225,2443.5,1.07002,0.83942,1.41926,0.97602,0.93478,0.98284,0.82552,0.81728,0.51369,1.02297,0.0008912,0.0008912,0.0008912
226,2455.33,1.11254,0.84332,1.43753,0.96695,0.95652,0.97986,0.8113,0.82586,0.51279,1.03095,0.00088625,0.00088625,0.00088625
227,2466.06,1.14373,0.87476,1.46034,1,0.93325,0.98613,0.83178,0.74248,0.52573,0.98108,0.0008813,0.0008813,0.0008813
228,2477.88,1.08108,0.84229,1.43154,1,0.95023,0.99255,0.79874,0.85266,0.51026,1.03985,0.00087635,0.00087635,0.00087635
229,2488.59,1.12,0.8997,1.43473,1,0.91157,0.9893,0.77818,0.91494,0.52152,1.08306,0.0008714,0.0008714,0.0008714
230,2499.36,1.12761,0.86954,1.4511,0.93216,0.93478,0.98164,0.81333,0.78226,0.4867,1.009,0.00086645,0.00086645,0.00086645
231,2510.1,1.09677,0.83816,1.4125,1,0.88629,0.97581,0.8054,0.76293,0.50554,1.00185,0.0008615,0.0008615,0.0008615
232,2520.87,1.09674,0.84567,1.43569,0.99122,0.8913,0.9634,0.75205,0.91678,0.60349,1.12545,0.00085655,0.00085655,0.00085655
233,2531.55,1.08865,0.84082,1.43769,0.95605,0.94593,0.97705,0.79884,0.82432,0.52914,1.02969,0.0008516,0.0008516,0.0008516
234,2542.34,1.10032,0.84009,1.43428,0.94599,0.91304,0.97324,0.80714,0.7659,0.55039,1.02895,0.00084665,0.00084665,0.00084665
235,2553.1,1.08831,0.8091,1.41299,0.88896,0.87019,0.95066,0.75283,0.83421,0.61341,1.07586,0.0008417,0.0008417,0.0008417
236,2563.85,1.09019,0.8557,1.40084,0.97702,0.9244,0.97728,0.78039,0.84258,0.53977,1.05943,0.00083675,0.00083675,0.00083675
237,2574.59,1.04982,0.84082,1.41254,0.97734,0.93782,0.98033,0.79232,0.85492,0.48805,1.04589,0.0008318,0.0008318,0.0008318
238,2585.42,1.07982,0.82545,1.39456,0.97725,0.9338,0.98893,0.82738,0.78996,0.47755,0.99548,0.00082685,0.00082685,0.00082685
239,2596.16,1.08558,0.8331,1.42078,0.89935,0.97135,0.98494,0.83174,0.77541,0.52415,0.98882,0.0008219,0.0008219,0.0008219
240,2606.96,1.09269,0.82884,1.39764,1,0.88478,0.97716,0.79151,0.83302,0.50067,1.06766,0.00081695,0.00081695,0.00081695
241,2617.72,1.07436,0.81713,1.38888,0.9777,0.95325,0.98651,0.76482,0.89851,0.48465,1.1269,0.000812,0.000812,0.000812
242,2628.54,1.0522,0.83753,1.41376,0.97868,0.99819,0.99372,0.77396,0.8427,0.463,1.03862,0.00080705,0.00080705,0.00080705
243,2639.34,1.0555,0.82176,1.39777,0.99421,0.97826,0.99378,0.83627,0.74531,0.44983,0.94498,0.0008021,0.0008021,0.0008021
244,2651.19,1.09649,0.84402,1.42225,0.99641,0.95652,0.98757,0.81723,0.81706,0.49841,1.02282,0.00079715,0.00079715,0.00079715
245,2662.15,1.10673,0.85596,1.4312,0.97778,0.95641,0.98081,0.75034,0.98576,0.57099,1.15307,0.0007922,0.0007922,0.0007922
246,2672.97,1.11003,0.91022,1.44341,1,0.95422,0.98607,0.74369,1.07112,0.56493,1.20843,0.00078725,0.00078725,0.00078725
247,2683.7,1.09584,0.83294,1.40912,1,0.95393,0.98784,0.79508,0.88157,0.52552,1.05002,0.0007823,0.0007823,0.0007823
248,2694.51,1.11288,0.82323,1.45849,0.94614,0.93478,0.97449,0.81107,0.81466,0.5207,0.99363,0.00077735,0.00077735,0.00077735
249,2705.21,1.09417,0.84871,1.44764,0.93876,0.93478,0.97106,0.78925,0.86035,0.5626,1.03039,0.0007724,0.0007724,0.0007724
250,2716,1.11609,0.858,1.44325,0.94441,0.97826,0.97992,0.8165,0.73696,0.49811,0.98371,0.00076745,0.00076745,0.00076745
251,2726.76,1.04188,0.78833,1.41248,0.95735,0.97587,0.98129,0.81724,0.82611,0.48974,1.01674,0.0007625,0.0007625,0.0007625
252,2737.57,1.05141,0.79721,1.3753,0.94665,0.97826,0.98844,0.81515,0.72848,0.48633,0.99087,0.00075755,0.00075755,0.00075755
253,2748.29,1.13916,0.86358,1.44792,0.97171,0.97826,0.98912,0.82707,0.69572,0.48024,0.95806,0.0007526,0.0007526,0.0007526
254,2759.05,1.08169,0.81327,1.40805,0.99392,0.93478,0.98886,0.78323,0.88643,0.48504,1.04035,0.00074765,0.00074765,0.00074765
255,2769.79,1.06228,0.84654,1.39734,1,0.95146,0.9826,0.82531,0.73206,0.47103,0.96649,0.0007427,0.0007427,0.0007427
256,2780.62,1.07048,0.84886,1.40946,0.99363,0.91304,0.97879,0.79783,0.82689,0.56234,1.03597,0.00073775,0.00073775,0.00073775
257,2791.55,1.08434,0.76447,1.40059,0.99034,0.8913,0.97023,0.80405,0.83895,0.5223,1.03346,0.0007328,0.0007328,0.0007328
258,2802.48,1.04064,0.79019,1.41742,0.96243,0.84783,0.96663,0.79484,0.81153,0.53533,1.00939,0.00072785,0.00072785,0.00072785
259,2813.26,1.1263,0.84489,1.46876,0.92498,0.80407,0.92826,0.72934,0.91867,0.71846,1.11443,0.0007229,0.0007229,0.0007229
260,2824.07,1.01762,0.77374,1.38092,0.93944,0.86957,0.9562,0.76459,0.83268,0.55747,1.01357,0.00071795,0.00071795,0.00071795
261,2834.83,1.0439,0.78847,1.37954,0.93584,0.95142,0.98295,0.81318,0.77326,0.46854,0.96584,0.000713,0.000713,0.000713
262,2845.72,1.03424,0.80775,1.38088,1,0.90992,0.98318,0.81079,0.77562,0.45313,0.96981,0.00070805,0.00070805,0.00070805
263,2856.51,1.00336,0.76022,1.36173,0.97762,0.94991,0.98088,0.8401,0.70883,0.43369,0.94357,0.0007031,0.0007031,0.0007031
264,2868.39,1.04233,0.77919,1.39786,0.96923,0.95652,0.98297,0.8001,0.80668,0.46634,1.01755,0.00069815,0.00069815,0.00069815
265,2879.16,1.06271,0.86039,1.38652,0.97751,0.9452,0.9832,0.78314,0.83385,0.47534,1.02518,0.0006932,0.0006932,0.0006932
266,2889.95,1.01988,0.80638,1.35121,0.99497,0.93478,0.97099,0.79663,0.77636,0.55248,0.98941,0.00068825,0.00068825,0.00068825
267,2900.69,1.01941,0.72308,1.35829,0.99961,0.93478,0.97537,0.78663,0.85021,0.55935,1.0445,0.0006833,0.0006833,0.0006833
268,2911.67,1.10676,0.8532,1.43941,0.99484,0.95652,0.97902,0.80112,0.78082,0.48349,0.9934,0.00067835,0.00067835,0.00067835
269,2922.48,1.07198,0.78762,1.38427,0.93633,0.95918,0.98074,0.79971,0.67773,0.47201,0.96688,0.0006734,0.0006734,0.0006734
270,2933.24,1.06628,0.81689,1.39827,0.95739,0.91304,0.97802,0.83795,0.68419,0.46081,0.95268,0.00066845,0.00066845,0.00066845
271,2943.99,1.03105,0.74031,1.38569,0.96095,0.95652,0.98969,0.82598,0.72225,0.45042,0.97749,0.0006635,0.0006635,0.0006635
272,2954.79,1.05622,0.78596,1.40804,0.98465,0.93478,0.98724,0.84084,0.66815,0.42875,0.94234,0.00065855,0.00065855,0.00065855
273,2966.56,1.03032,0.74513,1.36869,0.9509,0.95652,0.98479,0.83017,0.76369,0.45924,0.97146,0.0006536,0.0006536,0.0006536
274,2977.4,0.97432,0.74654,1.33903,0.9782,0.97554,0.9852,0.81641,0.69251,0.46374,0.95424,0.00064865,0.00064865,0.00064865
275,2988.17,1.04056,0.73753,1.39145,0.98445,0.95652,0.98594,0.84982,0.65924,0.47109,0.94017,0.0006437,0.0006437,0.0006437
276,3000.06,1.00099,0.74649,1.33706,0.97863,0.99569,0.99457,0.82303,0.72211,0.44312,0.97569,0.00063875,0.00063875,0.00063875
277,3010.81,1.03279,0.78691,1.4071,0.92116,0.95652,0.98129,0.81436,0.6959,0.43842,0.95505,0.0006338,0.0006338,0.0006338
278,3021.61,1.03468,0.80584,1.37339,0.93728,0.97462,0.97916,0.82638,0.70978,0.44148,0.96549,0.00062885,0.00062885,0.00062885
279,3032.35,1.05114,0.80356,1.37086,0.98291,0.95652,0.99129,0.83012,0.73114,0.46354,0.98502,0.0006239,0.0006239,0.0006239
280,3043.16,1.03671,0.78365,1.37386,0.95715,0.97134,0.98505,0.79944,0.81333,0.51028,1.05076,0.00061895,0.00061895,0.00061895
281,3053.93,0.98225,0.7409,1.36667,0.95649,0.95588,0.98557,0.79673,0.77795,0.51669,1.03855,0.000614,0.000614,0.000614
282,3064.77,1.0101,0.78186,1.38847,0.96722,0.93478,0.98583,0.80232,0.83706,0.47589,1.03503,0.00060905,0.00060905,0.00060905
283,3075.52,1.04018,0.78083,1.4065,0.9829,0.8913,0.9853,0.82207,0.77371,0.44896,0.98445,0.0006041,0.0006041,0.0006041
284,3086.36,0.99152,0.79976,1.35872,1,0.93013,0.98992,0.82241,0.78384,0.45275,1.00618,0.00059915,0.00059915,0.00059915
285,3097.17,1.02091,0.77961,1.36279,0.99342,0.95652,0.99048,0.80469,0.81724,0.45559,1.02879,0.0005942,0.0005942,0.0005942
286,3107.97,1.01643,0.81936,1.38519,0.96834,0.95652,0.98001,0.80703,0.78749,0.48238,1.01206,0.00058925,0.00058925,0.00058925
287,3118.76,1.00195,0.73888,1.32347,0.96455,0.93478,0.96868,0.76392,1.00871,0.55091,1.19197,0.0005843,0.0005843,0.0005843
288,3129.62,0.96045,0.78642,1.3212,0.99564,0.93478,0.97481,0.78801,0.93212,0.46753,1.11804,0.00057935,0.00057935,0.00057935
289,3140.36,1.02508,0.80239,1.36388,0.99646,0.95652,0.97525,0.79089,0.85309,0.42018,1.04359,0.0005744,0.0005744,0.0005744
290,3151.28,1.06741,0.80951,1.40077,1,0.95502,0.97938,0.80469,0.83539,0.43071,1.01019,0.00056945,0.00056945,0.00056945
291,3162.03,1.01117,0.75813,1.35218,1,0.9335,0.98064,0.80974,0.82262,0.46559,1.00839,0.0005645,0.0005645,0.0005645
292,3172.82,0.97367,0.72986,1.32183,0.97397,0.93478,0.97634,0.82891,0.7186,0.49581,0.96695,0.00055955,0.00055955,0.00055955
293,3183.58,0.98807,0.73418,1.32197,0.95467,0.91565,0.97122,0.81059,0.77473,0.54538,0.98803,0.0005546,0.0005546,0.0005546
294,3194.42,1.06838,0.8063,1.37941,0.97672,0.91194,0.96907,0.82319,0.71872,0.50385,0.96548,0.00054965,0.00054965,0.00054965
295,3205.13,1.01144,0.74792,1.35643,0.97709,0.92716,0.97366,0.84114,0.70034,0.46556,0.96276,0.0005447,0.0005447,0.0005447
296,3215.93,0.98325,0.76885,1.3482,0.99365,0.95652,0.9789,0.84132,0.69284,0.44524,0.94255,0.00053975,0.00053975,0.00053975
297,3226.69,0.99487,0.75796,1.40186,1,0.95477,0.98008,0.84191,0.69202,0.43455,0.93925,0.0005348,0.0005348,0.0005348
298,3237.51,0.97584,0.7134,1.3352,0.97048,0.95652,0.97791,0.82015,0.74378,0.45165,0.96908,0.00052985,0.00052985,0.00052985
299,3248.23,0.99554,0.81247,1.34575,0.97773,0.95439,0.97503,0.81934,0.74232,0.44383,0.97831,0.0005249,0.0005249,0.0005249
300,3259,0.99159,0.73834,1.33017,0.95721,0.97276,0.97323,0.81823,0.73968,0.44264,0.98466,0.00051995,0.00051995,0.00051995
301,3269.77,1.00161,0.79852,1.36687,0.93582,0.95099,0.9672,0.80261,0.76309,0.45041,0.99639,0.000515,0.000515,0.000515
302,3280.55,0.98559,0.74894,1.32889,0.95631,0.95179,0.97878,0.80919,0.78873,0.45993,0.98145,0.00051005,0.00051005,0.00051005
303,3291.29,0.99421,0.76491,1.35384,0.99798,0.93478,0.98028,0.82214,0.74409,0.45042,0.9568,0.0005051,0.0005051,0.0005051
304,3302.1,0.97329,0.72722,1.34365,0.98831,0.95652,0.98613,0.78144,0.88335,0.45551,1.04766,0.00050015,0.00050015,0.00050015
305,3312.85,0.97087,0.72807,1.3367,0.97498,0.95652,0.98516,0.79559,0.90102,0.46052,1.05914,0.0004952,0.0004952,0.0004952
306,3323.62,0.94222,0.6638,1.32786,0.97741,0.94086,0.97895,0.80558,0.82131,0.43545,1.01724,0.00049025,0.00049025,0.00049025
307,3334.36,0.98006,0.73876,1.3445,0.99402,0.95652,0.98357,0.81766,0.78206,0.42991,0.98842,0.0004853,0.0004853,0.0004853
308,3345.13,0.94618,0.71971,1.32345,1,0.93427,0.98748,0.83073,0.73575,0.40345,0.95694,0.00048035,0.00048035,0.00048035
309,3355.92,0.97282,0.71881,1.32033,0.97275,0.91304,0.98269,0.81964,0.71584,0.39419,0.95319,0.0004754,0.0004754,0.0004754
310,3366.69,1.03515,0.74034,1.36,0.97756,0.94727,0.99022,0.82714,0.78736,0.42913,1.00852,0.00047045,0.00047045,0.00047045
311,3377.52,0.99566,0.75913,1.35946,0.97724,0.93331,0.9865,0.81566,0.79622,0.45048,1.01222,0.0004655,0.0004655,0.0004655
312,3388.41,0.98923,0.74881,1.33534,0.97208,0.97826,0.98611,0.82619,0.76102,0.45915,0.98819,0.00046055,0.00046055,0.00046055
313,3399.12,0.99425,0.74784,1.33719,0.99625,0.97826,0.98833,0.82284,0.75952,0.47259,0.98108,0.0004556,0.0004556,0.0004556
314,3409.89,0.98805,0.72338,1.35243,0.99568,0.97826,0.99173,0.83698,0.73799,0.43656,0.97181,0.00045065,0.00045065,0.00045065
315,3420.65,0.9654,0.69045,1.32232,0.97245,0.97826,0.99027,0.82604,0.74951,0.41537,0.9715,0.0004457,0.0004457,0.0004457
316,3431.47,0.95829,0.77242,1.32862,0.97468,0.97826,0.98804,0.83445,0.75854,0.40735,0.97028,0.00044075,0.00044075,0.00044075
317,3442.2,0.93984,0.74069,1.30748,0.99078,0.97826,0.99236,0.84317,0.76658,0.40748,0.96992,0.0004358,0.0004358,0.0004358
318,3453,0.92487,0.61355,1.25128,0.97716,0.93007,0.98238,0.84902,0.64936,0.41124,0.90881,0.00043085,0.00043085,0.00043085
319,3463.75,1.00854,0.74136,1.37905,0.97662,0.9082,0.97856,0.83861,0.61725,0.42484,0.90689,0.0004259,0.0004259,0.0004259
320,3474.61,0.93017,0.72289,1.29795,0.9564,0.95374,0.98414,0.84091,0.66157,0.41049,0.92094,0.00042095,0.00042095,0.00042095
321,3485.37,0.95714,0.66505,1.32329,0.95475,0.97826,0.99038,0.83535,0.69839,0.40438,0.93202,0.000416,0.000416,0.000416
322,3496.14,0.98133,0.71086,1.36184,0.95715,0.97131,0.99088,0.8526,0.62241,0.37996,0.90516,0.00041105,0.00041105,0.00041105
323,3507.91,0.96647,0.72314,1.33612,0.93723,0.97379,0.97809,0.82848,0.65741,0.40664,0.93222,0.0004061,0.0004061,0.0004061
324,3518.74,0.95389,0.68428,1.32063,0.95954,0.95652,0.97846,0.81976,0.6669,0.41154,0.96257,0.00040115,0.00040115,0.00040115
325,3529.63,0.9706,0.71082,1.30094,0.97817,0.97415,0.98229,0.82916,0.66656,0.40393,0.96004,0.0003962,0.0003962,0.0003962
326,3540.48,0.93153,0.66461,1.29856,0.97776,0.95579,0.9909,0.82879,0.76642,0.42462,0.9865,0.00039125,0.00039125,0.00039125
327,3551.28,0.97621,0.73718,1.32069,0.95809,0.99394,0.9925,0.82452,0.72787,0.40028,0.94281,0.0003863,0.0003863,0.0003863
328,3562.16,0.97782,0.72438,1.32869,0.99067,0.95652,0.9918,0.83608,0.63224,0.37157,0.90579,0.00038135,0.00038135,0.00038135
329,3572.96,0.92032,0.65974,1.29897,0.97319,0.95652,0.99011,0.83829,0.63428,0.37308,0.9018,0.0003764,0.0003764,0.0003764
330,3583.76,0.91555,0.6793,1.26597,1,0.90864,0.99014,0.83974,0.6668,0.3972,0.92196,0.00037145,0.00037145,0.00037145
331,3594.53,0.90574,0.66205,1.29541,0.99791,0.8913,0.97668,0.81743,0.65461,0.43228,0.93092,0.0003665,0.0003665,0.0003665
332,3605.3,0.96068,0.71358,1.32858,0.93435,0.92836,0.97487,0.80855,0.69692,0.4378,0.97754,0.00036155,0.00036155,0.00036155
333,3616,0.9497,0.71643,1.30266,0.95026,0.95652,0.9792,0.82638,0.70843,0.40839,0.96037,0.0003566,0.0003566,0.0003566
334,3626.76,0.94577,0.72383,1.337,0.91965,0.99532,0.99045,0.8418,0.66961,0.3881,0.92685,0.00035165,0.00035165,0.00035165
335,3637.47,0.97189,0.74789,1.3211,0.94002,0.97826,0.99204,0.85183,0.6388,0.3863,0.91386,0.0003467,0.0003467,0.0003467
336,3648.28,0.916,0.68112,1.29611,1,0.93123,0.9881,0.86245,0.62914,0.41409,0.9096,0.00034175,0.00034175,0.00034175
337,3660.05,0.94875,0.70171,1.32789,0.99625,0.91304,0.98561,0.85331,0.62192,0.43133,0.90034,0.0003368,0.0003368,0.0003368
338,3670.85,0.94663,0.70553,1.30598,0.99615,0.91304,0.98712,0.84617,0.65133,0.4207,0.90367,0.00033185,0.00033185,0.00033185
339,3681.66,0.97535,0.75112,1.32918,0.99586,0.91304,0.98436,0.84911,0.61279,0.418,0.89465,0.0003269,0.0003269,0.0003269
340,3692.48,0.90388,0.66729,1.274,0.99725,0.8913,0.98016,0.83152,0.67004,0.4405,0.94627,0.00032195,0.00032195,0.00032195
341,3703.32,0.97406,0.69428,1.32681,0.98863,0.86957,0.97734,0.78735,0.80536,0.4902,1.02969,0.000317,0.000317,0.000317
342,3714.15,0.98046,0.74786,1.32685,0.97649,0.91304,0.98672,0.82507,0.69289,0.45359,0.96744,0.00031205,0.00031205,0.00031205
343,3724.89,0.95854,0.6983,1.31853,0.95541,0.93168,0.98566,0.83838,0.65754,0.44474,0.96,0.0003071,0.0003071,0.0003071
344,3735.66,1.01258,0.715,1.35838,0.99026,0.8913,0.98493,0.85298,0.64334,0.43464,0.95197,0.00030215,0.00030215,0.00030215
345,3746.41,0.92132,0.69769,1.30133,0.95177,0.93478,0.98845,0.84905,0.63754,0.43025,0.9161,0.0002972,0.0002972,0.0002972
346,3757.19,0.92465,0.71174,1.31332,1,0.90735,0.98043,0.84499,0.64948,0.42984,0.93047,0.00029225,0.00029225,0.00029225
347,3767.99,0.90229,0.6655,1.27816,0.99906,0.91304,0.97896,0.85218,0.64077,0.42734,0.93266,0.0002873,0.0002873,0.0002873
348,3778.84,0.96431,0.67419,1.30795,0.99177,0.91304,0.97867,0.85048,0.6686,0.41788,0.92794,0.00028235,0.00028235,0.00028235
349,3789.62,0.9506,0.7113,1.32514,0.99441,0.91304,0.97685,0.85058,0.66334,0.416,0.91817,0.0002774,0.0002774,0.0002774
350,3800.44,0.91967,0.72638,1.31252,0.95139,0.95652,0.97547,0.84624,0.70672,0.42886,0.94448,0.00027245,0.00027245,0.00027245
351,3811.38,0.92133,0.66164,1.27525,0.97721,0.93225,0.97417,0.83376,0.71395,0.42378,0.96676,0.0002675,0.0002675,0.0002675
352,3822.21,0.97776,0.71048,1.32613,0.9565,0.95602,0.97566,0.84178,0.63401,0.38623,0.9277,0.00026255,0.00026255,0.00026255
353,3832.96,0.91314,0.64864,1.28026,0.95456,0.95652,0.9781,0.84552,0.60609,0.37536,0.91667,0.0002576,0.0002576,0.0002576
354,3843.76,0.889,0.6274,1.2643,0.95145,0.95652,0.97805,0.84377,0.61794,0.38358,0.90952,0.00025265,0.00025265,0.00025265
355,3854.47,0.96091,0.71919,1.30497,0.93251,0.95652,0.98321,0.85426,0.6393,0.38434,0.91927,0.0002477,0.0002477,0.0002477
356,3865.3,0.93594,0.68026,1.31354,0.93432,0.95652,0.98597,0.84926,0.64645,0.37369,0.92846,0.00024275,0.00024275,0.00024275
357,3876.06,0.98145,0.72658,1.34769,0.93711,0.97194,0.98751,0.85182,0.65209,0.38224,0.93691,0.0002378,0.0002378,0.0002378
358,3886.93,0.90006,0.68818,1.28182,0.98585,0.8913,0.98088,0.847,0.6575,0.38527,0.9321,0.00023285,0.00023285,0.00023285
359,3897.68,0.86034,0.63967,1.24501,1,0.90477,0.97875,0.83906,0.65201,0.38408,0.92304,0.0002279,0.0002279,0.0002279
360,3908.53,0.88821,0.62933,1.28072,0.96206,0.93478,0.97835,0.8461,0.62118,0.37284,0.92009,0.00022295,0.00022295,0.00022295
361,3919.36,0.9121,0.64854,1.26935,0.97142,0.95652,0.97751,0.83252,0.66023,0.38492,0.941,0.000218,0.000218,0.000218
362,3930.18,0.93602,0.69297,1.29423,0.97772,0.95416,0.97838,0.83254,0.66721,0.39018,0.94315,0.00021305,0.00021305,0.00021305
363,3940.95,0.9258,0.70759,1.29097,0.97297,0.95652,0.98201,0.83936,0.64559,0.38881,0.92895,0.0002081,0.0002081,0.0002081
364,3951.87,0.93288,0.70741,1.30352,0.96823,0.95652,0.98732,0.85306,0.61603,0.38518,0.91129,0.00020315,0.00020315,0.00020315
365,3962.67,0.89839,0.64093,1.23432,0.97721,0.93212,0.98829,0.85209,0.61656,0.3895,0.9237,0.0001982,0.0001982,0.0001982
366,3973.54,0.8965,0.67474,1.28893,0.90133,0.99296,0.98924,0.84902,0.61495,0.39847,0.92463,0.00019325,0.00019325,0.00019325
367,3984.4,0.92003,0.66531,1.28289,0.97766,0.95128,0.99166,0.85286,0.63618,0.39079,0.92028,0.0001883,0.0001883,0.0001883
368,3995.2,0.91589,0.65499,1.29557,0.95356,1,0.99289,0.84942,0.65021,0.37087,0.90765,0.00018335,0.00018335,0.00018335
369,4005.99,0.9285,0.68279,1.26865,1,0.93131,0.99133,0.85485,0.62045,0.35876,0.89202,0.0001784,0.0001784,0.0001784
370,4016.76,0.91719,0.69455,1.29562,0.95561,1,0.99205,0.86599,0.60256,0.3603,0.89348,0.00017345,0.00017345,0.00017345
371,4028.56,0.91365,0.71301,1.30643,0.95755,0.9809,0.99205,0.85235,0.63333,0.38276,0.91459,0.0001685,0.0001685,0.0001685
372,4039.35,0.89973,0.63687,1.26221,0.93394,1,0.99166,0.8472,0.66642,0.39413,0.93797,0.00016355,0.00016355,0.00016355
373,4050.23,0.89589,0.62966,1.25939,0.93646,0.96119,0.98874,0.85025,0.65514,0.3882,0.93548,0.0001586,0.0001586,0.0001586
374,4061.1,0.81352,0.60205,1.21967,0.95706,0.96913,0.98948,0.84516,0.62872,0.37989,0.92639,0.00015365,0.00015365,0.00015365
375,4071.81,0.92391,0.67457,1.29645,0.95309,0.95652,0.98722,0.85348,0.63912,0.37387,0.92733,0.0001487,0.0001487,0.0001487
376,4082.63,0.88231,0.64791,1.2677,0.99843,0.93478,0.98902,0.85209,0.62689,0.36524,0.92773,0.00014375,0.00014375,0.00014375
377,4093.37,0.9171,0.6652,1.27662,0.978,0.96655,0.99056,0.85031,0.62108,0.36918,0.92425,0.0001388,0.0001388,0.0001388
378,4104.25,0.85742,0.61938,1.24532,0.95635,0.97826,0.98927,0.86476,0.62191,0.36136,0.91181,0.00013385,0.00013385,0.00013385
379,4115.01,0.82597,0.61735,1.21813,0.95444,0.97826,0.9902,0.86674,0.62892,0.36297,0.91193,0.0001289,0.0001289,0.0001289
380,4126.86,0.87649,0.61518,1.23637,0.95711,0.97027,0.98988,0.8628,0.61785,0.35414,0.89626,0.00012395,0.00012395,0.00012395
381,4137.62,0.86673,0.60615,1.24027,0.97547,0.93478,0.98986,0.86059,0.59909,0.3481,0.89188,0.000119,0.000119,0.000119
382,4148.48,0.89638,0.65701,1.25939,0.99232,0.93478,0.98923,0.85521,0.59804,0.3425,0.89185,0.00011405,0.00011405,0.00011405
383,4159.35,0.95456,0.67013,1.29746,1,0.95271,0.99179,0.85741,0.60219,0.33711,0.89648,0.0001091,0.0001091,0.0001091
384,4170.22,0.90653,0.669,1.25649,1,0.95552,0.99255,0.85641,0.60203,0.334,0.89583,0.00010415,0.00010415,0.00010415
385,4181.06,0.892,0.6377,1.26416,0.97819,0.97489,0.99297,0.86058,0.60536,0.33868,0.89288,9.92e-05,9.92e-05,9.92e-05
386,4191.88,0.88836,0.65252,1.28134,0.97264,0.95652,0.9914,0.8685,0.60816,0.34436,0.89087,9.425e-05,9.425e-05,9.425e-05
387,4203.68,0.8616,0.62603,1.2508,0.97058,1,0.99372,0.87303,0.60334,0.34955,0.88843,8.93e-05,8.93e-05,8.93e-05
388,4215.53,0.85053,0.63728,1.23084,0.97809,0.97042,0.99073,0.86393,0.58938,0.34945,0.88418,8.435e-05,8.435e-05,8.435e-05
389,4226.32,0.86763,0.62543,1.25361,0.97795,0.96418,0.99105,0.86049,0.59099,0.34929,0.88503,7.94e-05,7.94e-05,7.94e-05
390,4237.14,0.87591,0.64358,1.27791,0.95313,0.97826,0.99166,0.85774,0.60405,0.35447,0.89238,7.445e-05,7.445e-05,7.445e-05
391,4248.88,0.78417,0.60304,1.23642,0.97796,0.97826,0.9921,0.85974,0.59964,0.36035,0.89425,6.95e-05,6.95e-05,6.95e-05
392,4259.76,0.8,0.55841,1.23692,0.97296,0.97826,0.99173,0.84615,0.60559,0.3731,0.89884,6.455e-05,6.455e-05,6.455e-05
393,4270.54,0.75037,0.52966,1.21595,0.9737,0.97826,0.99173,0.85079,0.62318,0.37283,0.90548,5.96e-05,5.96e-05,5.96e-05
394,4281.31,0.70535,0.47181,1.15777,0.97539,0.97826,0.99291,0.84366,0.62785,0.37345,0.90817,5.465e-05,5.465e-05,5.465e-05
395,4292,0.77354,0.48585,1.22896,0.97628,0.97826,0.99253,0.84472,0.62333,0.37245,0.90311,4.97e-05,4.97e-05,4.97e-05
396,4302.72,0.73938,0.49057,1.19066,0.97624,0.97826,0.9926,0.84633,0.61198,0.36577,0.89901,4.475e-05,4.475e-05,4.475e-05
397,4313.46,0.75935,0.49845,1.23555,0.97578,0.97826,0.99297,0.84432,0.61034,0.36136,0.89851,3.98e-05,3.98e-05,3.98e-05
398,4324.21,0.7123,0.46936,1.154,0.97601,0.97826,0.99297,0.84852,0.60813,0.3583,0.89738,3.485e-05,3.485e-05,3.485e-05
399,4334.93,0.73631,0.46215,1.19784,0.97825,0.97773,0.99373,0.85271,0.60952,0.3623,0.90137,2.99e-05,2.99e-05,2.99e-05
400,4345.7,0.71843,0.47205,1.18233,0.97823,0.97672,0.99373,0.84789,0.61233,0.36316,0.90508,2.495e-05,2.495e-05,2.495e-05
